,mean_fit_time,mean_score_time,mean_test_score,mean_train_score,param_classifier__colsample_bytree,param_classifier__gamma,param_classifier__learning_rate,param_classifier__max_delta_step,param_classifier__max_depth,param_classifier__n_estimators,param_classifier__subsample,params,rank_test_score,split0_test_score,split0_train_score,split1_test_score,split1_train_score,split2_test_score,split2_train_score,split3_test_score,split3_train_score,split4_test_score,split4_train_score,std_fit_time,std_score_time,std_test_score,std_train_score
0,80.46199951171874,0.2630138874053955,0.7774243219796992,0.8892400487356398,0.758585858586,0.868686868687,0.0161765473764,0,75,287,0.568686868687,"{'classifier__subsample': 0.56868686868686869, 'classifier__n_estimators': 287, 'classifier__max_depth': 75, 'classifier__max_delta_step': 0, 'classifier__learning_rate': 0.016176547376367808, 'classifier__gamma': 0.86868686868686873, 'classifier__colsample_bytree': 0.75858585858585859}",35,0.8071772664001662,0.8912719918011857,0.7820667542176064,0.8892833262836451,0.7579934284836068,0.8910180036956747,0.7689559671301588,0.8901799608902222,0.7708282251190595,0.8844469610074706,2.232634258659444,0.00429347570116541,0.016741608342377055,0.002495953294272651
1,20.708421897888183,0.14117393493652344,0.7538531186263282,0.8323430660872567,0.815151515152,0.868686868687,0.0236053485702,0,19,146,0.580808080808,"{'classifier__subsample': 0.58080808080808077, 'classifier__n_estimators': 146, 'classifier__max_depth': 19, 'classifier__max_delta_step': 0, 'classifier__learning_rate': 0.023605348570249974, 'classifier__gamma': 0.86868686868686873, 'classifier__colsample_bytree': 0.81515151515151518}",44,0.7836008147368576,0.8300329442743062,0.758253375927521,0.829981843908207,0.7495642333452573,0.837529155140155,0.7473809053960355,0.8395272934559094,0.7303528547142494,0.8246440936577061,0.3382878119721019,0.006970848075191865,0.01742518456460205,0.005453344881622228
2,16.246988582611085,0.15191965103149413,0.7823519884533142,0.878378976624955,0.532323232323,0.727272727273,0.0708702153963,0,5,399,0.665656565657,"{'classifier__subsample': 0.66565656565656561, 'classifier__n_estimators': 399, 'classifier__max_depth': 5, 'classifier__max_delta_step': 0, 'classifier__learning_rate': 0.070870215396276512, 'classifier__gamma': 0.72727272727272729, 'classifier__colsample_bytree': 0.53232323232323231}",26,0.8031345376167514,0.8763645602339118,0.7816231563608592,0.8837843811519008,0.7753123714755733,0.8800059176938178,0.780857517305649,0.876490255427257,0.770763826068352,0.8752497686178876,0.2569039157058846,0.03637511623092058,0.01112975662961991,0.003139503758625254
3,129.8505488872528,0.6505836486816406,0.800178474685142,0.9590814385643174,0.512121212121,0.40404040404,0.0270827078395,0,59,847,0.564646464646,"{'classifier__subsample': 0.56464646464646462, 'classifier__n_estimators': 847, 'classifier__max_depth': 59, 'classifier__max_delta_step': 0, 'classifier__learning_rate': 0.027082707839477971, 'classifier__gamma': 0.40404040404040409, 'classifier__colsample_bytree': 0.51212121212121209}",4,0.8222757051890098,0.959647027797646,0.7953643811846306,0.9584942239479406,0.7789864976082748,0.9585083863079434,0.8045939539919588,0.9579508576259882,0.7996189715786154,0.9608066971420688,1.262627059036093,0.05543266618242948,0.014009706298456487,0.0010244834301536712
4,168.82203450202942,0.6963327884674072,0.7994627676259085,0.9740237430174103,0.766666666667,0.10101010101,0.0185595525159,0,46,707,0.819191919192,"{'classifier__subsample': 0.81919191919191925, 'classifier__n_estimators': 707, 'classifier__max_depth': 46, 'classifier__max_delta_step': 0, 'classifier__learning_rate': 0.018559552515898466, 'classifier__gamma': 0.10101010101010102, 'classifier__colsample_bytree': 0.76666666666666661}",6,0.8258355570026995,0.9731033879377643,0.7964444407302993,0.973669720439734,0.791900958147021,0.9742522087515022,0.7957244675020113,0.9725471881017818,0.7873240321081754,0.9765462098562689,3.0905401358723927,0.028182801972222463,0.01359834118315194,0.0013833029618848696
5,63.72626914978027,0.29071621894836425,0.7922155860811166,0.976716107847051,0.661616161616,0.161616161616,0.0785642561355,0,77,319,0.693939393939,"{'classifier__subsample': 0.69393939393939397, 'classifier__n_estimators': 319, 'classifier__max_depth': 77, 'classifier__max_delta_step': 0, 'classifier__learning_rate': 0.07856425613547767, 'classifier__gamma': 0.16161616161616163, 'classifier__colsample_bytree': 0.66161616161616155}",19,0.8187326580659742,0.9751058135881088,0.785937276321642,0.9771126866776655,0.7672470430948276,0.9762605279141469,0.7941914925456356,0.9762682001588799,0.7949065190318342,0.9788333108964536,2.2509436067847255,0.012713229670164044,0.01660482498286213,0.0012362075468190122
6,28.944462871551515,0.13675079345703126,0.7881895363731174,0.9788882301644909,0.863636363636,0.131313131313,0.270620071578,0,43,148,0.693939393939,"{'classifier__subsample': 0.69393939393939397, 'classifier__n_estimators': 148, 'classifier__max_depth': 43, 'classifier__max_delta_step': 0, 'classifier__learning_rate': 0.27062007157835188, 'classifier__gamma': 0.13131313131313133, 'classifier__colsample_bytree': 0.86363636363636365}",23,0.8063785182906351,0.977681040069863,0.7894220111070499,0.9788239437975504,0.7706700528353533,0.9788244171694128,0.7899642193798847,0.9774145426823074,0.7844598945836092,0.9816972071033205,0.6324985278533892,0.001576337899981785,0.011463030088620077,0.0015183951394748276
7,39.95942621231079,0.23377041816711425,0.7898058109386319,0.9647499703857377,0.580808080808,0.181818181818,0.0932882801234,0,92,254,0.5,"{'classifier__subsample': 0.5, 'classifier__n_estimators': 254, 'classifier__max_depth': 92, 'classifier__max_delta_step': 0, 'classifier__learning_rate': 0.093288280123427172, 'classifier__gamma': 0.18181818181818182, 'classifier__colsample_bytree': 0.58080808080808077}",22,0.8144892283500412,0.9639433078633528,0.7940046942137332,0.9665086626156107,0.766149341640038,0.9639409560573002,0.7861549142129115,0.9639706707482835,0.7881542234142703,0.9653862546441417,1.3490732497213145,0.0023995082083772897,0.015516595054744906,0.0010402281048387796
8,26.208358478546142,0.17627320289611817,0.7875330849934913,0.9696755514962426,0.512121212121,0.121212121212,0.150908228308,0,64,182,0.560606060606,"{'classifier__subsample': 0.56060606060606055, 'classifier__n_estimators': 182, 'classifier__max_depth': 64, 'classifier__max_delta_step': 0, 'classifier__learning_rate': 0.15090822830764894, 'classifier__gamma': 0.12121212121212122, 'classifier__colsample_bytree': 0.51212121212121209}",24,0.8098312125146898,0.968515135167158,0.7815849661189584,0.9702384366972764,0.7718613078031491,0.9693885853466552,0.7944306620353704,0.9685405843934976,0.7799006883454765,0.9716950158766257,0.9613503710136854,0.001429670409271074,0.013304137037439307,0.0011926560346811972
9,18.966050958633424,0.09422435760498046,0.7419092084164213,0.8407041013671346,0.859595959596,0.333333333333,0.0228081468833,0,99,61,0.560606060606,"{'classifier__subsample': 0.56060606060606055, 'classifier__n_estimators': 61, 'classifier__max_depth': 99, 'classifier__max_delta_step': 0, 'classifier__learning_rate': 0.02280814688327314, 'classifier__gamma': 0.33333333333333337, 'classifier__colsample_bytree': 0.85959595959595958}",46,0.7655987334831644,0.8398992202143774,0.7404531728831866,0.8353070836638696,0.7388840082964866,0.8453690206427794,0.7332360411163514,0.8456865448700182,0.731292524476397,0.8372586374446286,0.2731807042911625,0.001063785436874864,0.012340971823659093,0.004200787319263352
10,13.485947847366333,0.10422372817993164,0.7818459413100817,0.9163673520292237,0.508080808081,0.0909090909091,0.0661641776861,0,54,67,0.706060606061,"{'classifier__subsample': 0.70606060606060606, 'classifier__n_estimators': 67, 'classifier__max_depth': 54, 'classifier__max_delta_step': 0, 'classifier__learning_rate': 0.066164177686141135, 'classifier__gamma': 0.090909090909090912, 'classifier__colsample_bytree': 0.50808080808080813}",27,0.805082867195078,0.918111776349249,0.7788882977141607,0.9127006142456822,0.7683948370153353,0.9234854098048824,0.7786173048957089,0.9152986867481159,0.7781788319504618,0.9122402729981891,0.5283046891576453,0.0013348216536121272,0.012285777590066724,0.004131090787930285
11,133.19725461006163,0.5803396224975585,0.7976791162690949,0.9776326377264969,0.665656565657,0.0606060606061,0.0236053485702,0,74,531,0.863636363636,"{'classifier__subsample': 0.86363636363636365, 'classifier__n_estimators': 531, 'classifier__max_depth': 74, 'classifier__max_delta_step': 0, 'classifier__learning_rate': 0.023605348570249974, 'classifier__gamma': 0.060606060606060608, 'classifier__colsample_bytree': 0.66565656565656561}",8,0.818818201038831,0.9759647842696438,0.7941699863633723,0.9776831395591596,0.7893264357532211,0.9779717493089544,0.801222040768166,0.977131552142863,0.7847953862935545,0.9794119633518643,3.0002519380790558,0.06755539668467782,0.011902121179681762,0.0011239545095074546
12,75.48219776153564,0.11159286499023438,0.795036587287374,0.9647393082472103,0.811111111111,0.747474747475,0.3,0,81,349,0.633333333333,"{'classifier__subsample': 0.6333333333333333, 'classifier__n_estimators': 349, 'classifier__max_depth': 81, 'classifier__max_delta_step': 0, 'classifier__learning_rate': 0.29999999999999999, 'classifier__gamma': 0.74747474747474751, 'classifier__colsample_bytree': 0.81111111111111112}",15,0.8118349512924574,0.9642028532002039,0.8090931693289874,0.9645072263171937,0.7787111444995533,0.9642329782148823,0.7918545245592168,0.9648061187061223,0.7836166204230319,0.9659473647976489,2.043222777627622,0.005536519041766803,0.013321690165865045,0.0006421651513144716
13,80.6583676815033,0.37657551765441893,0.7995952462656182,0.9676646345559561,0.617171717172,0.232323232323,0.0368957068624,0,43,444,0.693939393939,"{'classifier__subsample': 0.69393939393939397, 'classifier__n_estimators': 444, 'classifier__max_depth': 43, 'classifier__max_delta_step': 0, 'classifier__learning_rate': 0.036895706862442354, 'classifier__gamma': 0.23232323232323235, 'classifier__colsample_bytree': 0.61717171717171715}",5,0.8189134999039313,0.9673667056398796,0.7943124465904523,0.9693725427188343,0.7824600805675722,0.9676667901402045,0.8035887296114045,0.9653946319334478,0.79865595376446,0.9685225023474142,2.777047062741993,0.014494509702010841,0.011935852557647154,0.0013337590211293794
14,24.713459253311157,0.14875397682189942,0.771717718039421,0.8903341270529413,0.528282828283,0.0909090909091,0.0212936037324,0,57,114,0.758585858586,"{'classifier__subsample': 0.75858585858585859, 'classifier__n_estimators': 114, 'classifier__max_depth': 57, 'classifier__max_delta_step': 0, 'classifier__learning_rate': 0.021293603732376654, 'classifier__gamma': 0.090909090909090912, 'classifier__colsample_bytree': 0.52828282828282824}",39,0.7988949655684761,0.8934022209733994,0.767877133023413,0.888825535391024,0.7583521252511556,0.8969770974906603,0.7723768697048747,0.8904455973457582,0.7610069987361503,0.882020184063864,0.4177797843269776,0.0033401271430580047,0.014482415746948174,0.004999043488416086
15,37.64602127075195,0.21772246360778807,0.7776502557866196,0.9808336407939034,0.649494949495,0.0505050505051,0.280078918836,0,59,300,0.637373737374,"{'classifier__subsample': 0.63737373737373737, 'classifier__n_estimators': 300, 'classifier__max_depth': 59, 'classifier__max_delta_step': 0, 'classifier__learning_rate': 0.28007891883570052, 'classifier__gamma': 0.050505050505050511, 'classifier__colsample_bytree': 0.64949494949494946}",34,0.8005494228974993,0.9791167749770463,0.7743834065238346,0.981115687257683,0.7579715575337991,0.9811146569188228,0.7836886453669842,0.9791285761463847,0.7715982059574773,0.9836925086695808,0.8707147780374523,0.003452385832208572,0.014116692869535888,0.0016844298433645682
16,19.983846378326415,0.10890989303588867,0.7926992580641801,0.95570332877444,0.653535353535,0.454545454545,0.156182847715,0,70,90,0.617171717172,"{'classifier__subsample': 0.61717171717171715, 'classifier__n_estimators': 90, 'classifier__max_depth': 70, 'classifier__max_delta_step': 0, 'classifier__learning_rate': 0.15618284771453161, 'classifier__gamma': 0.45454545454545459, 'classifier__colsample_bytree': 0.65353535353535352}",18,0.8188462635100541,0.9559240083256912,0.7979946978873562,0.9584903784474822,0.7696658814588473,0.9542310528376586,0.7933383411167851,0.9545111184328927,0.7835664915408563,0.9553600858284751,0.6998565743185591,0.0003531460758157597,0.016293576807473984,0.0015180990084192447
17,52.784371042251585,0.17015209197998046,0.7815205899514357,0.9060445073692295,0.766666666667,0.79797979798,0.0244304144469,0,78,167,0.746464646465,"{'classifier__subsample': 0.7464646464646465, 'classifier__n_estimators': 167, 'classifier__max_depth': 78, 'classifier__max_delta_step': 0, 'classifier__learning_rate': 0.024430414446850415, 'classifier__gamma': 0.79797979797979801, 'classifier__colsample_bytree': 0.76666666666666661}",28,0.8094218798901378,0.907515756465741,0.785782896372634,0.9046084476039782,0.7657810907480973,0.908877182832853,0.7711483116513304,0.9073386828273573,0.7753729122580709,0.9018824671162174,1.0565100359417074,0.004743300639590938,0.015435983165817483,0.002499934439927865
18,39.172209405899046,0.15689597129821778,0.7724308816252335,0.88061433389776,0.871717171717,0.888888888889,0.0270827078395,0,37,162,0.625252525253,"{'classifier__subsample': 0.62525252525252528, 'classifier__n_estimators': 162, 'classifier__max_depth': 37, 'classifier__max_delta_step': 0, 'classifier__learning_rate': 0.027082707839477971, 'classifier__gamma': 0.88888888888888895, 'classifier__colsample_bytree': 0.87171717171717167}",38,0.7974565071794938,0.8789427186579265,0.7719242861226072,0.8790123568491047,0.760772486094197,0.8860134148449846,0.7645305338134291,0.8832713331814018,0.7673903094107649,0.8758318459553828,0.5817380686897909,0.0030789549239105853,0.01305075079596703,0.0035900568007039314
19,15.185126876831054,0.09052190780639649,0.7813340030687231,0.9274360153059421,0.89595959596,0.343434343434,0.107030795496,0,41,57,0.649494949495,"{'classifier__subsample': 0.64949494949494946, 'classifier__n_estimators': 57, 'classifier__max_depth': 41, 'classifier__max_delta_step': 0, 'classifier__learning_rate': 0.10703079549582788, 'classifier__gamma': 0.34343434343434348, 'classifier__colsample_bytree': 0.89595959595959596}",30,0.80717684828519,0.9268386881750988,0.794755362009191,0.926591176667548,0.7634283672195451,0.930504135564532,0.7719346713455352,0.9277753974921954,0.769271636582504,0.9254706786303366,0.16014215336025134,0.0010092406257161688,0.01675541203409188,0.0017006847129413024
20,57.327341413497926,0.31040220260620116,0.7911276084606168,0.9093782444463759,0.588888888889,0.79797979798,0.0356496621508,0,13,740,0.540404040404,"{'classifier__subsample': 0.54040404040404044, 'classifier__n_estimators': 740, 'classifier__max_depth': 13, 'classifier__max_delta_step': 0, 'classifier__learning_rate': 0.035649662150778506, 'classifier__gamma': 0.79797979797979801, 'classifier__colsample_bytree': 0.58888888888888891}",21,0.816930219920325,0.9093684059103532,0.790116163812873,0.9105046061662012,0.7703907906392159,0.9082238869745651,0.7846851198687615,0.9104263762870335,0.7934418722687754,0.9083679468937267,0.5895407295995805,0.013435263325005987,0.015133043460968856,0.0009716594252816692
21,50.57565679550171,0.14374032020568847,0.7969236514046839,0.9613057804355695,0.738383838384,0.656565656566,0.0965489384606,0,73,177,0.839393939394,"{'classifier__subsample': 0.83939393939393936, 'classifier__n_estimators': 177, 'classifier__max_depth': 73, 'classifier__max_delta_step': 0, 'classifier__learning_rate': 0.096548938460562964, 'classifier__gamma': 0.65656565656565657, 'classifier__colsample_bytree': 0.73838383838383836}",9,0.8168810521194084,0.9593456715355906,0.7963335789893948,0.960211634023513,0.7815185488716471,0.9625130515020367,0.8000402572219559,0.9619444664917196,0.7897867441961317,0.9625140786249874,0.9839800545492886,0.0037626476991135813,0.011810138650387051,0.0012934133980744718
22,23.080827474594116,0.11534323692321777,0.762399475452961,0.8775916684809697,0.665656565657,0.353535353535,0.0252843184361,0,95,82,0.685858585859,"{'classifier__subsample': 0.68585858585858583, 'classifier__n_estimators': 82, 'classifier__max_depth': 95, 'classifier__max_delta_step': 0, 'classifier__learning_rate': 0.025284318436080474, 'classifier__gamma': 0.35353535353535359, 'classifier__colsample_bytree': 0.66565656565656561}",42,0.7904387907805621,0.8807518723011752,0.7626372994693222,0.8774747956729881,0.7456728547768212,0.8815759647058073,0.7616092639365591,0.8782544678061409,0.7515511000842158,0.8699012419187375,0.47652232124695176,0.0017556658877452534,0.015401113194468036,0.004134177729616287
23,71.38826870918274,0.16499910354614258,0.8047245406101281,0.9620526104696626,0.714141414141,0.676767676768,0.0841522701481,0,61,278,0.887878787879,"{'classifier__subsample': 0.88787878787878793, 'classifier__n_estimators': 278, 'classifier__max_depth': 61, 'classifier__max_delta_step': 0, 'classifier__learning_rate': 0.084152270148077357, 'classifier__gamma': 0.6767676767676768, 'classifier__colsample_bytree': 0.71414141414141419}",1,0.8236095727318634,0.9610610176304341,0.8080363913761764,0.959638176169002,0.7907650839840369,0.9633913798824845,0.8023324649031799,0.961661625397036,0.7988165597767863,0.9645108532693568,1.9341160258406849,0.006991306418170803,0.010989433796381237,0.0017205161946920592
24,187.75085558891297,0.4139129161834717,0.7871423712511406,0.9266012051516173,0.887878787879,0.929292929293,0.0192082552207,0,96,656,0.520202020202,"{'classifier__subsample': 0.52020202020202022, 'classifier__n_estimators': 656, 'classifier__max_depth': 96, 'classifier__max_delta_step': 0, 'classifier__learning_rate': 0.019208255220722774, 'classifier__gamma': 0.92929292929292939, 'classifier__colsample_bytree': 0.88787878787878793}",25,0.8167443311336784,0.9259115738352717,0.7929321448452415,0.9298868552027361,0.765395156676328,0.9276109861145881,0.7748894806159042,0.924507679796364,0.7856513488870819,0.9250889308091262,4.281577761346344,0.02584516213757771,0.017531880079832408,0.0019473349636939762
25,134.60074410438537,0.5340935707092285,0.8028309567294831,0.9678407945514431,0.726262626263,0.333333333333,0.0300229480558,0,29,847,0.823232323232,"{'classifier__subsample': 0.8232323232323232, 'classifier__n_estimators': 847, 'classifier__max_depth': 29, 'classifier__max_delta_step': 0, 'classifier__learning_rate': 0.030022948055761774, 'classifier__gamma': 0.33333333333333337, 'classifier__colsample_bytree': 0.72626262626262628}",3,0.828217090004695,0.9673706630369796,0.7920138791328042,0.9668040713557857,0.79283261511482,0.9691143427481437,0.8001653147220987,0.9668150451745666,0.8008616862925636,0.9690998504417403,1.3079745438869257,0.009149610857385629,0.013220935821609993,0.0010540519108354787
26,12.88272795677185,0.0891373634338379,0.7638567203073799,0.8688707455905345,0.552525252525,0.969696969697,0.0290090106946,0,65,52,0.879797979798,"{'classifier__subsample': 0.8797979797979798, 'classifier__n_estimators': 52, 'classifier__max_depth': 65, 'classifier__max_delta_step': 0, 'classifier__learning_rate': 0.029009010694623388, 'classifier__gamma': 0.96969696969696972, 'classifier__colsample_bytree': 0.55252525252525253}",41,0.7911233476022648,0.8672779111922562,0.7641823426862526,0.8657952390235432,0.7574889239050119,0.876083725938319,0.7579433967199928,0.8728459774902902,0.7484506870811047,0.8623508743082634,0.22039179868951073,0.001898554396706213,0.014545414355891819,0.0049463954099058715
27,10.814988279342652,0.0913351058959961,0.7140527933922093,0.7579054348826926,0.863636363636,0.717171717172,0.0118741377711,0,10,116,0.835353535354,"{'classifier__subsample': 0.83535353535353529, 'classifier__n_estimators': 116, 'classifier__max_depth': 10, 'classifier__max_delta_step': 0, 'classifier__learning_rate': 0.011874137771069724, 'classifier__gamma': 0.71717171717171724, 'classifier__colsample_bytree': 0.86363636363636365}",50,0.7364667212401192,0.7500728023328272,0.7101277283566679,0.7594968174966301,0.7243625864839022,0.7567843212813365,0.7038075486478593,0.7581465559852177,0.6954147951118252,0.7650266773174506,0.1291946389316002,0.0011557570187618548,0.014676571601162525,0.004814763964993064
28,68.2392741203308,0.20426392555236816,0.7912896370194222,0.9488869912525448,0.645454545455,0.737373737374,0.0965489384606,0,56,399,0.5,"{'classifier__subsample': 0.5, 'classifier__n_estimators': 399, 'classifier__max_depth': 56, 'classifier__max_delta_step': 0, 'classifier__learning_rate': 0.096548938460562964, 'classifier__gamma': 0.73737373737373746, 'classifier__colsample_bytree': 0.6454545454545455}",20,0.8095210396627515,0.948766791085615,0.7951120249759224,0.9513179849778679,0.7717999911550341,0.9473440870150104,0.7929897409123512,0.9467963273431778,0.7869692995566888,0.9502097658410529,0.9640247921643695,0.018491780473218648,0.012239528017042464,0.0016985488072366074
29,20.976482772827147,0.1137723445892334,0.7948789274969499,0.9598254589209055,0.576767676768,0.525252525253,0.261480669254,0,24,185,0.661616161616,"{'classifier__subsample': 0.66161616161616155, 'classifier__n_estimators': 185, 'classifier__max_depth': 24, 'classifier__max_delta_step': 0, 'classifier__learning_rate': 0.26148066925391644, 'classifier__gamma': 0.5252525252525253, 'classifier__colsample_bytree': 0.57676767676767682}",16,0.8074722243379434,0.9579293042345582,0.7988910948649475,0.9596473588159077,0.7776152523128563,0.9610939036830305,0.7977516803354983,0.9599435969229003,0.7926266135059415,0.960513130948131,0.22938043378364215,0.0027361725302930853,0.009862142673506559,0.00106985267780783
30,83.69264760017396,0.3678999900817871,0.7789142551481709,0.9803785532103773,0.621212121212,0.121212121212,0.205587483636,0,72,798,0.588888888889,"{'classifier__subsample': 0.58888888888888891, 'classifier__n_estimators': 798, 'classifier__max_depth': 72, 'classifier__max_delta_step': 0, 'classifier__learning_rate': 0.20558748363608464, 'classifier__gamma': 0.12121212121212122, 'classifier__colsample_bytree': 0.62121212121212122}",32,0.8029859687631153,0.9802653606678338,0.7779187690460067,0.9808272833786918,0.7602493188866406,0.9799755685721503,0.7874759665422612,0.9785620029917579,0.7658718025983369,0.9822625504414519,2.30942209734655,0.026393957962826096,0.015317758272699917,0.001202153750379143
31,11.665940141677856,0.10157189369201661,0.7406230464458755,0.7912536730108751,0.69797979798,0.252525252525,0.0290090106946,0,6,222,0.69797979798,"{'classifier__subsample': 0.69797979797979792, 'classifier__n_estimators': 222, 'classifier__max_depth': 6, 'classifier__max_delta_step': 0, 'classifier__learning_rate': 0.029009010694623388, 'classifier__gamma': 0.25252525252525254, 'classifier__colsample_bytree': 0.69797979797979792}",47,0.7660008071718772,0.7919167442640184,0.733878231127193,0.790610346616608,0.7365888348483967,0.7893362747868397,0.7490387598730511,0.7922606371089789,0.7175314759759219,0.7921443622779307,0.0575342127845623,0.0009601382847926954,0.01619025732779196,0.0011258110277624746
32,21.30514621734619,0.09665136337280274,0.7814134643365113,0.9334263290164518,0.835353535354,0.242424242424,0.0639296758777,0,89,59,0.790909090909,"{'classifier__subsample': 0.79090909090909089, 'classifier__n_estimators': 59, 'classifier__max_depth': 89, 'classifier__max_delta_step': 0, 'classifier__learning_rate': 0.063929675877711867, 'classifier__gamma': 0.24242424242424243, 'classifier__colsample_bytree': 0.83535353535353529}",29,0.8057845402585138,0.933089581827148,0.7821551156882053,0.9313385041511708,0.770303376993169,0.9356667372016837,0.7797905795711412,0.9348345337865701,0.7689530319272224,0.9322022881156865,0.5662409759359814,0.0017056434248463553,0.013243852116949582,0.0016107859556982716
33,86.43613095283509,0.3185633659362793,0.7960560091293737,0.9316412267870853,0.580808080808,0.666666666667,0.0161765473764,0,69,349,0.871717171717,"{'classifier__subsample': 0.87171717171717167, 'classifier__n_estimators': 349, 'classifier__max_depth': 69, 'classifier__max_delta_step': 0, 'classifier__learning_rate': 0.016176547376367808, 'classifier__gamma': 0.66666666666666674, 'classifier__colsample_bytree': 0.58080808080808077}",12,0.820493362456109,0.931971955986955,0.8010778677880376,0.9311140776453092,0.7771490232701878,0.9342664899640885,0.7872438971347134,0.9303004864770563,0.7942342731936288,0.9305531238620174,2.2216324024567986,0.013236058881446616,0.014574307453939431,0.0014325381198647682
34,16.852980756759642,0.1198185920715332,0.745152488875514,0.8114534986410066,0.879797979798,0.636363636364,0.0252843184361,0,10,185,0.625252525253,"{'classifier__subsample': 0.62525252525252528, 'classifier__n_estimators': 185, 'classifier__max_depth': 10, 'classifier__max_delta_step': 0, 'classifier__learning_rate': 0.025284318436080474, 'classifier__gamma': 0.63636363636363646, 'classifier__colsample_bytree': 0.8797979797979798}",45,0.7694820388685885,0.8064536872799013,0.7478971158748452,0.8111959033182696,0.7452338372303835,0.813561033125446,0.7393191929326625,0.8175496143756398,0.7237357793954927,0.8085072551057758,0.1553245020297217,0.0022543982667811466,0.014784805361153092,0.00388198785724444
35,10.07589406967163,0.1012807846069336,0.737743130247911,0.7911391176660236,0.633333333333,0.69696969697,0.0236053485702,0,11,131,0.621212121212,"{'classifier__subsample': 0.62121212121212122, 'classifier__n_estimators': 131, 'classifier__max_depth': 11, 'classifier__max_delta_step': 0, 'classifier__learning_rate': 0.023605348570249974, 'classifier__gamma': 0.69696969696969702, 'classifier__colsample_bytree': 0.6333333333333333}",48,0.7709514936114679,0.7871438291449461,0.7255501570515683,0.7895544178248324,0.7331671433066328,0.7895953231343175,0.737089968745447,0.7957989630145474,0.7218615060449901,0.7936030552114754,0.059732334827601694,0.001353428063164943,0.01747818954078299,0.003119039993635789
36,13.048100996017457,0.09989080429077149,0.7740485395624125,0.8969488491099089,0.508080808081,0.373737373737,0.0785642561355,0,81,68,0.532323232323,"{'classifier__subsample': 0.53232323232323231, 'classifier__n_estimators': 68, 'classifier__max_depth': 81, 'classifier__max_delta_step': 0, 'classifier__learning_rate': 0.07856425613547767, 'classifier__gamma': 0.37373737373737376, 'classifier__colsample_bytree': 0.50808080808080813}",37,0.7990761782410095,0.8956277520605718,0.7770183494501213,0.8956578955288012,0.7487498497896234,0.8998045130404637,0.7737605289173975,0.8971255136732177,0.7715636394536562,0.89652857124649,0.1639464698878786,0.00018158511195481277,0.016017112480343255,0.0015345695746379845
37,217.88933339118958,0.3630959510803223,0.8043114809099197,0.9564445046616393,0.677777777778,0.838383838384,0.0280293161057,0,100,774,0.851515151515,"{'classifier__subsample': 0.85151515151515156, 'classifier__n_estimators': 774, 'classifier__max_depth': 100, 'classifier__max_delta_step': 0, 'classifier__learning_rate': 0.028029316105727179, 'classifier__gamma': 0.83838383838383845, 'classifier__colsample_bytree': 0.67777777777777781}",2,0.8247154148618339,0.957910833901875,0.8045378898251745,0.9539188500943616,0.7965613161113325,0.9542289658387022,0.7954456909638556,0.9573621866827283,0.8002288481695514,0.9588016867905303,3.1189459265853636,0.008626872209132108,0.01070098430120917,0.0019917887734654904
38,44.05807933807373,0.12974872589111328,0.7957453757771593,0.9584526587775726,0.552525252525,0.666666666667,0.185453665124,0,72,274,0.605050505051,"{'classifier__subsample': 0.60505050505050506, 'classifier__n_estimators': 274, 'classifier__max_depth': 72, 'classifier__max_delta_step': 0, 'classifier__learning_rate': 0.18545366512403497, 'classifier__gamma': 0.66666666666666674, 'classifier__colsample_bytree': 0.55252525252525253}",14,0.815294642744284,0.9593527301503498,0.795024713667663,0.9585014664401553,0.777722667907575,0.957655135145636,0.7991039889995412,0.9573823787760919,0.791526932567853,0.9593715833756297,0.726399969836117,0.0008780455866343164,0.012143655213970775,0.0008292739361635611
39,10.799739170074464,0.10799608230590821,0.7714776118344172,0.870769249500255,0.60101010101,0.292929292929,0.0576688448734,0,19,100,0.60101010101,"{'classifier__subsample': 0.60101010101010099, 'classifier__n_estimators': 100, 'classifier__max_depth': 19, 'classifier__max_delta_step': 0, 'classifier__learning_rate': 0.057668844873357453, 'classifier__gamma': 0.29292929292929293, 'classifier__colsample_bytree': 0.60101010101010099}",40,0.7982580170702485,0.8686993818945865,0.7744116978556079,0.8692596982100532,0.7555973076883029,0.8752858581359646,0.7643840387287023,0.8749048753195876,0.7646478247448908,0.8656964339410835,0.2905779427168333,0.0018990802156912201,0.014672734084519341,0.003736300554982557
40,14.886656951904296,0.1363205909729004,0.7961024828523298,0.9408548053673711,0.528282828283,0.30303030303,0.136129318488,0,20,155,0.536363636364,"{'classifier__subsample': 0.53636363636363638, 'classifier__n_estimators': 155, 'classifier__max_depth': 20, 'classifier__max_delta_step': 0, 'classifier__learning_rate': 0.13612931848792745, 'classifier__gamma': 0.30303030303030304, 'classifier__colsample_bytree': 0.52828282828282824}",11,0.8191175585169417,0.9385333609176174,0.8013934494435085,0.9456308106623731,0.7768191233575052,0.9416305293633949,0.7865057163377683,0.9402691407959398,0.796600020346654,0.9382101850975303,0.41615880947347433,0.0017332388040836152,0.014303180881954635,0.002688423255035151
41,11.591760873794556,0.08777298927307128,0.781170157748881,0.9123179218565365,0.552525252525,0.484848484848,0.0841522701481,0,65,51,0.754545454545,"{'classifier__subsample': 0.75454545454545452, 'classifier__n_estimators': 51, 'classifier__max_depth': 65, 'classifier__max_delta_step': 0, 'classifier__learning_rate': 0.084152270148077357, 'classifier__gamma': 0.48484848484848486, 'classifier__colsample_bytree': 0.55252525252525253}",31,0.8061660890854377,0.9109366951456456,0.7819158313847047,0.9118782411590352,0.7632418012799063,0.9154406116176098,0.7730684134548776,0.9126531456025518,0.7813819347918666,0.9106809157578408,0.12309143229091007,0.0010867418512695733,0.014239027664697387,0.001711400690288825
42,56.72988667488098,0.202699613571167,0.7752116989528283,0.8941032643161557,0.722222222222,0.555555555556,0.0185595525159,0,72,212,0.59696969697,"{'classifier__subsample': 0.59696969696969693, 'classifier__n_estimators': 212, 'classifier__max_depth': 72, 'classifier__max_delta_step': 0, 'classifier__learning_rate': 0.018559552515898466, 'classifier__gamma': 0.55555555555555558, 'classifier__colsample_bytree': 0.72222222222222221}",36,0.8003851173606723,0.8947475916662081,0.7822984597567804,0.892480178346015,0.7578013729997417,0.8967930332370789,0.7692816388778013,0.8972998522760224,0.7662024136945028,0.8891956660554543,1.4590715579597293,0.001910006426143138,0.014863738143069558,0.0029862055495917094
43,40.00352191925049,0.1342498779296875,0.7941020054323477,0.9530670173731327,0.891919191919,0.626262626263,0.118650617678,0,51,162,0.556565656566,"{'classifier__subsample': 0.5565656565656566, 'classifier__n_estimators': 162, 'classifier__max_depth': 51, 'classifier__max_delta_step': 0, 'classifier__learning_rate': 0.11865061767767604, 'classifier__gamma': 0.6262626262626263, 'classifier__colsample_bytree': 0.891919191919192}",17,0.8121263430505294,0.9527777771444248,0.8008644352592308,0.952471980442067,0.7802624746305349,0.9553557071838877,0.7921293680057535,0.9502196620721934,0.7850614900730587,0.95450996002309,0.4239094913289419,0.002257045862534968,0.011387551562545114,0.001781311068283222
44,3.1830127239227295,0.05716099739074707,0.7272388458280674,0.7692904901922748,0.544444444444,0.434343434343,0.0813102730674,0,5,75,0.843434343434,"{'classifier__subsample': 0.84343434343434343, 'classifier__n_estimators': 75, 'classifier__max_depth': 5, 'classifier__max_delta_step': 0, 'classifier__learning_rate': 0.081310273067401892, 'classifier__gamma': 0.43434343434343436, 'classifier__colsample_bytree': 0.5444444444444444}",49,0.7547174498520607,0.7655896539166233,0.7144427449412518,0.7671964733914303,0.7317556355218238,0.7690124413370345,0.7307223270663946,0.7674748009758426,0.7044744932427214,0.7771790813404437,0.031448411281749855,0.0002425871539470396,0.01715090533959436,0.004091087980010555
45,63.022900390625,0.18173646926879883,0.76175334555422,0.8701227595143534,0.782828282828,0.989898989899,0.0110856522301,0,77,194,0.750505050505,"{'classifier__subsample': 0.75050505050505056, 'classifier__n_estimators': 194, 'classifier__max_depth': 77, 'classifier__max_delta_step': 0, 'classifier__learning_rate': 0.011085652230091218, 'classifier__gamma': 0.98989898989898994, 'classifier__colsample_bytree': 0.78282828282828287}",43,0.7893925042034579,0.8704252009789822,0.7679107387727571,0.867775818355131,0.7521543328347399,0.8742279351303863,0.7532945891186517,0.8737930248019445,0.7459105477741709,0.8643918183053232,1.8298633837841916,0.0036975903683447125,0.015607157961673388,0.0037085470175125907
46,197.43026695251464,0.8395024299621582,0.7968172272184743,0.963720769005806,0.556565656566,0.171717171717,0.0118741377711,0,70,985,0.673737373737,"{'classifier__subsample': 0.67373737373737375, 'classifier__n_estimators': 985, 'classifier__max_depth': 70, 'classifier__max_delta_step': 0, 'classifier__learning_rate': 0.011874137771069724, 'classifier__gamma': 0.17171717171717174, 'classifier__colsample_bytree': 0.5565656565656566}",10,0.8213576797168223,0.964801190437557,0.7885511556766386,0.9647977760872706,0.7836810270676383,0.9636719395868899,0.8004777457918539,0.9611025530941951,0.7899556320940022,0.9642303858231173,3.8494320248833125,0.045037729428469626,0.013453141067943075,0.0013743655187876459
47,30.473795700073243,0.13829498291015624,0.7959988208768363,0.9687510806853717,0.613131313131,0.363636363636,0.136129318488,0,81,146,0.730303030303,"{'classifier__subsample': 0.73030303030303034, 'classifier__n_estimators': 146, 'classifier__max_depth': 81, 'classifier__max_delta_step': 0, 'classifier__learning_rate': 0.13612931848792745, 'classifier__gamma': 0.36363636363636365, 'classifier__colsample_bytree': 0.61313131313131319}",13,0.8177562135898564,0.9679397213938766,0.7987594665187787,0.9696585636614904,0.7798947105661559,0.9690906437821855,0.8035762830643265,0.9673931447637885,0.7799372316075757,0.9696733298255176,0.44398976129116,0.004378736955747544,0.014535288969565898,0.0009264627129231154
48,32.07423348426819,0.1386497974395752,0.7987454496646149,0.9513125963360395,0.689898989899,0.616161616162,0.136129318488,0,25,229,0.722222222222,"{'classifier__subsample': 0.72222222222222221, 'classifier__n_estimators': 229, 'classifier__max_depth': 25, 'classifier__max_delta_step': 0, 'classifier__learning_rate': 0.13612931848792745, 'classifier__gamma': 0.61616161616161624, 'classifier__colsample_bytree': 0.6898989898989899}",7,0.8141933959064624,0.9499358825735943,0.7988612401462113,0.9501991880017386,0.784947725649624,0.9528084468719775,0.7978423126566943,0.9525327862517269,0.797838289628072,0.95108667798116,0.8286571793201012,0.0038974657215622827,0.009286175985931188,0.0011757967734161697
49,45.67875714302063,0.23515763282775878,0.7787356081780721,0.9815208558724695,0.819191919192,0.0,0.205587483636,0,36,295,0.710101010101,"{'classifier__subsample': 0.71010101010101012, 'classifier__n_estimators': 295, 'classifier__max_depth': 36, 'classifier__max_delta_step': 0, 'classifier__learning_rate': 0.20558748363608464, 'classifier__gamma': 0.0, 'classifier__colsample_bytree': 0.81919191919191925}",33,0.8051680015247704,0.9811229505349982,0.774339008933436,0.9822588930605488,0.7627041960953761,0.9805434321809149,0.7783427783168058,0.9796966641174993,0.7730497631248253,0.9839823394683866,0.5394519561863527,0.0015296349014757757,0.014205853868407555,0.001486267921557801
